"filename", "language", "Lua", "JSON", "comment", "blank", "total"
"c:\Program Files (x86)\Steam\steamapps\common\Desynced\Desynced\Content\mods\The_Cube_WIP\Cube_Attack_Waves.lua", "Lua", 246, 0, 49, 67, 362
"c:\Program Files (x86)\Steam\steamapps\common\Desynced\Desynced\Content\mods\The_Cube_WIP\Cube_Biomes.lua", "Lua", 117, 0, 42, 18, 177
"c:\Program Files (x86)\Steam\steamapps\common\Desynced\Desynced\Content\mods\The_Cube_WIP\Cube_Components.lua", "Lua", 423, 0, 97, 80, 600
"c:\Program Files (x86)\Steam\steamapps\common\Desynced\Desynced\Content\mods\The_Cube_WIP\Cube_Converter.lua", "Lua", 252, 0, 48, 30, 330
"c:\Program Files (x86)\Steam\steamapps\common\Desynced\Desynced\Content\mods\The_Cube_WIP\Cube_DefinitionTooltip.lua", "Lua", 993, 0, 44, 124, 1161
"c:\Program Files (x86)\Steam\steamapps\common\Desynced\Desynced\Content\mods\The_Cube_WIP\Cube_Explorables.lua", "Lua", 57, 0, 54, 50, 161
"c:\Program Files (x86)\Steam\steamapps\common\Desynced\Desynced\Content\mods\The_Cube_WIP\Cube_Fabricator.lua", "Lua", 267, 0, 56, 45, 368
"c:\Program Files (x86)\Steam\steamapps\common\Desynced\Desynced\Content\mods\The_Cube_WIP\Cube_Farming.lua", "Lua", 287, 0, 86, 78, 451
"c:\Program Files (x86)\Steam\steamapps\common\Desynced\Desynced\Content\mods\The_Cube_WIP\Cube_Frames.lua", "Lua", 178, 0, 40, 41, 259
"c:\Program Files (x86)\Steam\steamapps\common\Desynced\Desynced\Content\mods\The_Cube_WIP\Cube_Instructions.lua", "Lua", 123, 0, 15, 18, 156
"c:\Program Files (x86)\Steam\steamapps\common\Desynced\Desynced\Content\mods\The_Cube_WIP\Cube_Items.lua", "Lua", 234, 0, 53, 30, 317
"c:\Program Files (x86)\Steam\steamapps\common\Desynced\Desynced\Content\mods\The_Cube_WIP\Cube_Land_Features.lua", "Lua", 799, 0, 171, 64, 1034
"c:\Program Files (x86)\Steam\steamapps\common\Desynced\Desynced\Content\mods\The_Cube_WIP\Cube_Pipes.lua", "Lua", 152, 0, 25, 36, 213
"c:\Program Files (x86)\Steam\steamapps\common\Desynced\Desynced\Content\mods\The_Cube_WIP\Cube_Scenario.lua", "Lua", 139, 0, 87, 63, 289
"c:\Program Files (x86)\Steam\steamapps\common\Desynced\Desynced\Content\mods\The_Cube_WIP\Cube_Techs.lua", "Lua", 560, 0, 95, 57, 712
"c:\Program Files (x86)\Steam\steamapps\common\Desynced\Desynced\Content\mods\The_Cube_WIP\Cube_UI.lua", "Lua", 6, 0, 2, 5, 13
"c:\Program Files (x86)\Steam\steamapps\common\Desynced\Desynced\Content\mods\The_Cube_WIP\Cube_UI_mod.lua", "Lua", 782, 0, 8, 100, 890
"c:\Program Files (x86)\Steam\steamapps\common\Desynced\Desynced\Content\mods\The_Cube_WIP\Cube_Utilities.lua", "Lua", 55, 0, 15, 10, 80
"c:\Program Files (x86)\Steam\steamapps\common\Desynced\Desynced\Content\mods\The_Cube_WIP\Cube_V2_DefinitionTooltip.lua", "Lua", 866, 0, 209, 117, 1192
"c:\Program Files (x86)\Steam\steamapps\common\Desynced\Desynced\Content\mods\The_Cube_WIP\Cube_Visuals.lua", "Lua", 116, 0, 72, 33, 221
"c:\Program Files (x86)\Steam\steamapps\common\Desynced\Desynced\Content\mods\The_Cube_WIP\Stage References 1-0\Cube_Farming_OLD_Attempt.lua", "Lua", 173, 0, 62, 27, 262
"c:\Program Files (x86)\Steam\steamapps\common\Desynced\Desynced\Content\mods\The_Cube_WIP\Stage References 1-0\actions.lua", "Lua", 738, 0, 27, 85, 850
"c:\Program Files (x86)\Steam\steamapps\common\Desynced\Desynced\Content\mods\The_Cube_WIP\Stage References 1-0\behaviors.lua", "Lua", 12, 0, 10, 11, 33
"c:\Program Files (x86)\Steam\steamapps\common\Desynced\Desynced\Content\mods\The_Cube_WIP\Stage References 1-0\biomes.lua", "Lua", 160, 0, 4, 4, 168
"c:\Program Files (x86)\Steam\steamapps\common\Desynced\Desynced\Content\mods\The_Cube_WIP\Stage References 1-0\cliffs.lua", "Lua", 30, 0, 0, 3, 33
"c:\Program Files (x86)\Steam\steamapps\common\Desynced\Desynced\Content\mods\The_Cube_WIP\Stage References 1-0\codex.lua", "Lua", 994, 0, 135, 432, 1561
"c:\Program Files (x86)\Steam\steamapps\common\Desynced\Desynced\Content\mods\The_Cube_WIP\Stage References 1-0\components.lua", "Lua", 9536, 0, 794, 1200, 11530
"c:\Program Files (x86)\Steam\steamapps\common\Desynced\Desynced\Content\mods\The_Cube_WIP\Stage References 1-0\data.lua", "Lua", 488, 0, 24, 14, 526
"c:\Program Files (x86)\Steam\steamapps\common\Desynced\Desynced\Content\mods\The_Cube_WIP\Stage References 1-0\effects.lua", "Lua", 429, 0, 45, 66, 540
"c:\Program Files (x86)\Steam\steamapps\common\Desynced\Desynced\Content\mods\The_Cube_WIP\Stage References 1-0\explorables.lua", "Lua", 238, 0, 30, 37, 305
"c:\Program Files (x86)\Steam\steamapps\common\Desynced\Desynced\Content\mods\The_Cube_WIP\Stage References 1-0\explorables\ai_base.lua", "Lua", 131, 0, 17, 28, 176
"c:\Program Files (x86)\Steam\steamapps\common\Desynced\Desynced\Content\mods\The_Cube_WIP\Stage References 1-0\explorables\alien_a.lua", "Lua", 395, 0, 73, 82, 550
"c:\Program Files (x86)\Steam\steamapps\common\Desynced\Desynced\Content\mods\The_Cube_WIP\Stage References 1-0\explorables\alien_artifact.lua", "Lua", 21, 0, 1, 7, 29
"c:\Program Files (x86)\Steam\steamapps\common\Desynced\Desynced\Content\mods\The_Cube_WIP\Stage References 1-0\explorables\alien_building.lua", "Lua", 56, 0, 1, 10, 67
"c:\Program Files (x86)\Steam\steamapps\common\Desynced\Desynced\Content\mods\The_Cube_WIP\Stage References 1-0\explorables\alien_unit.lua", "Lua", 13, 0, 0, 4, 17
"c:\Program Files (x86)\Steam\steamapps\common\Desynced\Desynced\Content\mods\The_Cube_WIP\Stage References 1-0\explorables\blight_a.lua", "Lua", 112, 0, 13, 22, 147
"c:\Program Files (x86)\Steam\steamapps\common\Desynced\Desynced\Content\mods\The_Cube_WIP\Stage References 1-0\explorables\broken_ship.lua", "Lua", 42, 0, 3, 9, 54
"c:\Program Files (x86)\Steam\steamapps\common\Desynced\Desynced\Content\mods\The_Cube_WIP\Stage References 1-0\explorables\crashed_ship.lua", "Lua", 36, 0, 1, 9, 46
"c:\Program Files (x86)\Steam\steamapps\common\Desynced\Desynced\Content\mods\The_Cube_WIP\Stage References 1-0\explorables\enemy_unit.lua", "Lua", 38, 0, 3, 8, 49
"c:\Program Files (x86)\Steam\steamapps\common\Desynced\Desynced\Content\mods\The_Cube_WIP\Stage References 1-0\explorables\giant_enemy.lua", "Lua", 18, 0, 0, 5, 23
"c:\Program Files (x86)\Steam\steamapps\common\Desynced\Desynced\Content\mods\The_Cube_WIP\Stage References 1-0\explorables\human_a.lua", "Lua", 301, 0, 55, 58, 414
"c:\Program Files (x86)\Steam\steamapps\common\Desynced\Desynced\Content\mods\The_Cube_WIP\Stage References 1-0\explorables\human_b.lua", "Lua", 411, 0, 65, 64, 540
"c:\Program Files (x86)\Steam\steamapps\common\Desynced\Desynced\Content\mods\The_Cube_WIP\Stage References 1-0\explorables\human_building.lua", "Lua", 84, 0, 10, 17, 111
"c:\Program Files (x86)\Steam\steamapps\common\Desynced\Desynced\Content\mods\The_Cube_WIP\Stage References 1-0\explorables\human_building_blight.lua", "Lua", 27, 0, 3, 9, 39
"c:\Program Files (x86)\Steam\steamapps\common\Desynced\Desynced\Content\mods\The_Cube_WIP\Stage References 1-0\explorables\human_c.lua", "Lua", 517, 0, 90, 113, 720
"c:\Program Files (x86)\Steam\steamapps\common\Desynced\Desynced\Content\mods\The_Cube_WIP\Stage References 1-0\explorables\mining_base.lua", "Lua", 255, 0, 36, 45, 336
"c:\Program Files (x86)\Steam\steamapps\common\Desynced\Desynced\Content\mods\The_Cube_WIP\Stage References 1-0\explorables\roaming_bot.lua", "Lua", 20, 0, 1, 6, 27
"c:\Program Files (x86)\Steam\steamapps\common\Desynced\Desynced\Content\mods\The_Cube_WIP\Stage References 1-0\explorables\robot_base.lua", "Lua", 214, 0, 28, 36, 278
"c:\Program Files (x86)\Steam\steamapps\common\Desynced\Desynced\Content\mods\The_Cube_WIP\Stage References 1-0\explorables\ruined_components.lua", "Lua", 109, 0, 4, 21, 134
"c:\Program Files (x86)\Steam\steamapps\common\Desynced\Desynced\Content\mods\The_Cube_WIP\Stage References 1-0\explorables\spawn_base_alien.lua", "Lua", 432, 0, 104, 10, 546
"c:\Program Files (x86)\Steam\steamapps\common\Desynced\Desynced\Content\mods\The_Cube_WIP\Stage References 1-0\explorables\spawn_base_human.lua", "Lua", 505, 0, 139, 10, 654
"c:\Program Files (x86)\Steam\steamapps\common\Desynced\Desynced\Content\mods\The_Cube_WIP\Stage References 1-0\explorables\world_a.lua", "Lua", 133, 0, 20, 27, 180
"c:\Program Files (x86)\Steam\steamapps\common\Desynced\Desynced\Content\mods\The_Cube_WIP\Stage References 1-0\frames.lua", "Lua", 2937, 0, 156, 227, 3320
"c:\Program Files (x86)\Steam\steamapps\common\Desynced\Desynced\Content\mods\The_Cube_WIP\Stage References 1-0\instructions.lua", "Lua", 6524, 0, 232, 640, 7396
"c:\Program Files (x86)\Steam\steamapps\common\Desynced\Desynced\Content\mods\The_Cube_WIP\Stage References 1-0\items.lua", "Lua", 872, 0, 25, 105, 1002
"c:\Program Files (x86)\Steam\steamapps\common\Desynced\Desynced\Content\mods\The_Cube_WIP\Stage References 1-0\landfeatures.lua", "Lua", 842, 0, 107, 63, 1012
"c:\Program Files (x86)\Steam\steamapps\common\Desynced\Desynced\Content\mods\The_Cube_WIP\Stage References 1-0\library.lua", "Lua", 1271, 0, 82, 121, 1474
"c:\Program Files (x86)\Steam\steamapps\common\Desynced\Desynced\Content\mods\The_Cube_WIP\Stage References 1-0\map_settings.lua", "Lua", 167, 0, 0, 19, 186
"c:\Program Files (x86)\Steam\steamapps\common\Desynced\Desynced\Content\mods\The_Cube_WIP\Stage References 1-0\puzzles.lua", "Lua", 55, 0, 4, 6, 65
"c:\Program Files (x86)\Steam\steamapps\common\Desynced\Desynced\Content\mods\The_Cube_WIP\Stage References 1-0\stability.lua", "Lua", 70, 0, 2, 10, 82
"c:\Program Files (x86)\Steam\steamapps\common\Desynced\Desynced\Content\mods\The_Cube_WIP\Stage References 1-0\techs.lua", "Lua", 319, 0, 17, 29, 365
"c:\Program Files (x86)\Steam\steamapps\common\Desynced\Desynced\Content\mods\The_Cube_WIP\Stage References 1-0\ui\BlueprintEditor.lua", "Lua", 1567, 0, 36, 137, 1740
"c:\Program Files (x86)\Steam\steamapps\common\Desynced\Desynced\Content\mods\The_Cube_WIP\Stage References 1-0\ui\BuildView.lua", "Lua", 393, 0, 8, 48, 449
"c:\Program Files (x86)\Steam\steamapps\common\Desynced\Desynced\Content\mods\The_Cube_WIP\Stage References 1-0\ui\Challenges.lua", "Lua", 53, 0, 1, 11, 65
"c:\Program Files (x86)\Steam\steamapps\common\Desynced\Desynced\Content\mods\The_Cube_WIP\Stage References 1-0\ui\Codex.lua", "Lua", 1080, 0, 12, 91, 1183
"c:\Program Files (x86)\Steam\steamapps\common\Desynced\Desynced\Content\mods\The_Cube_WIP\Stage References 1-0\ui\DefinitionTooltip.lua", "Lua", 1031, 0, 34, 98, 1163
"c:\Program Files (x86)\Steam\steamapps\common\Desynced\Desynced\Content\mods\The_Cube_WIP\Stage References 1-0\ui\Effects.lua", "Lua", 75, 0, 5, 9, 89
"c:\Program Files (x86)\Steam\steamapps\common\Desynced\Desynced\Content\mods\The_Cube_WIP\Stage References 1-0\ui\Explorable.lua", "Lua", 546, 0, 13, 48, 607
"c:\Program Files (x86)\Steam\steamapps\common\Desynced\Desynced\Content\mods\The_Cube_WIP\Stage References 1-0\ui\Faction.lua", "Lua", 1335, 0, 24, 103, 1462
"c:\Program Files (x86)\Steam\steamapps\common\Desynced\Desynced\Content\mods\The_Cube_WIP\Stage References 1-0\ui\FrameView.lua", "Lua", 2694, 0, 71, 268, 3033
"c:\Program Files (x86)\Steam\steamapps\common\Desynced\Desynced\Content\mods\The_Cube_WIP\Stage References 1-0\ui\HoverEntity.lua", "Lua", 215, 0, 2, 27, 244
"c:\Program Files (x86)\Steam\steamapps\common\Desynced\Desynced\Content\mods\The_Cube_WIP\Stage References 1-0\ui\InGameMenu.lua", "Lua", 715, 0, 8, 63, 786
"c:\Program Files (x86)\Steam\steamapps\common\Desynced\Desynced\Content\mods\The_Cube_WIP\Stage References 1-0\ui\Inventory.lua", "Lua", 36, 0, 2, 4, 42
"c:\Program Files (x86)\Steam\steamapps\common\Desynced\Desynced\Content\mods\The_Cube_WIP\Stage References 1-0\ui\ItemSlot.lua", "Lua", 401, 0, 7, 32, 440
"c:\Program Files (x86)\Steam\steamapps\common\Desynced\Desynced\Content\mods\The_Cube_WIP\Stage References 1-0\ui\Library.lua", "Lua", 1062, 0, 6, 89, 1157
"c:\Program Files (x86)\Steam\steamapps\common\Desynced\Desynced\Content\mods\The_Cube_WIP\Stage References 1-0\ui\LinkEditor.lua", "Lua", 264, 0, 8, 27, 299
"c:\Program Files (x86)\Steam\steamapps\common\Desynced\Desynced\Content\mods\The_Cube_WIP\Stage References 1-0\ui\LoadSave.lua", "Lua", 339, 0, 2, 27, 368
"c:\Program Files (x86)\Steam\steamapps\common\Desynced\Desynced\Content\mods\The_Cube_WIP\Stage References 1-0\ui\MapOverlay.lua", "Lua", 578, 0, 7, 67, 652
"c:\Program Files (x86)\Steam\steamapps\common\Desynced\Desynced\Content\mods\The_Cube_WIP\Stage References 1-0\ui\Music.lua", "Lua", 91, 0, 5, 10, 106
"c:\Program Files (x86)\Steam\steamapps\common\Desynced\Desynced\Content\mods\The_Cube_WIP\Stage References 1-0\ui\Notification.lua", "Lua", 170, 0, 6, 22, 198
"c:\Program Files (x86)\Steam\steamapps\common\Desynced\Desynced\Content\mods\The_Cube_WIP\Stage References 1-0\ui\Options.lua", "Lua", 993, 0, 4, 106, 1103
"c:\Program Files (x86)\Steam\steamapps\common\Desynced\Desynced\Content\mods\The_Cube_WIP\Stage References 1-0\ui\Program.lua", "Lua", 2520, 0, 44, 247, 2811
"c:\Program Files (x86)\Steam\steamapps\common\Desynced\Desynced\Content\mods\The_Cube_WIP\Stage References 1-0\ui\Reg.lua", "Lua", 528, 0, 2, 42, 572
"c:\Program Files (x86)\Steam\steamapps\common\Desynced\Desynced\Content\mods\The_Cube_WIP\Stage References 1-0\ui\RegisterSelection.lua", "Lua", 805, 0, 8, 101, 914
"c:\Program Files (x86)\Steam\steamapps\common\Desynced\Desynced\Content\mods\The_Cube_WIP\Stage References 1-0\ui\ReplayPlayer.lua", "Lua", 120, 0, 0, 15, 135
"c:\Program Files (x86)\Steam\steamapps\common\Desynced\Desynced\Content\mods\The_Cube_WIP\Stage References 1-0\ui\ResourceBar.lua", "Lua", 329, 0, 5, 30, 364
"c:\Program Files (x86)\Steam\steamapps\common\Desynced\Desynced\Content\mods\The_Cube_WIP\Stage References 1-0\ui\ShortcutBar.lua", "Lua", 295, 0, 5, 33, 333
"c:\Program Files (x86)\Steam\steamapps\common\Desynced\Desynced\Content\mods\The_Cube_WIP\Stage References 1-0\ui\SideBar.lua", "Lua", 535, 0, 4, 56, 595
"c:\Program Files (x86)\Steam\steamapps\common\Desynced\Desynced\Content\mods\The_Cube_WIP\Stage References 1-0\ui\Skin.lua", "Lua", 633, 0, 39, 56, 728
"c:\Program Files (x86)\Steam\steamapps\common\Desynced\Desynced\Content\mods\The_Cube_WIP\Stage References 1-0\ui\SocketList.lua", "Lua", 290, 0, 1, 28, 319
"c:\Program Files (x86)\Steam\steamapps\common\Desynced\Desynced\Content\mods\The_Cube_WIP\Stage References 1-0\ui\TalkingHead.lua", "Lua", 150, 0, 10, 19, 179
"c:\Program Files (x86)\Steam\steamapps\common\Desynced\Desynced\Content\mods\The_Cube_WIP\Stage References 1-0\ui\Tech.lua", "Lua", 1094, 0, 34, 140, 1268
"c:\Program Files (x86)\Steam\steamapps\common\Desynced\Desynced\Content\mods\The_Cube_WIP\Stage References 1-0\ui\TextChat.lua", "Lua", 62, 0, 0, 11, 73
"c:\Program Files (x86)\Steam\steamapps\common\Desynced\Desynced\Content\mods\The_Cube_WIP\Stage References 1-0\ui\minigame\balance.lua", "Lua", 109, 0, 0, 16, 125
"c:\Program Files (x86)\Steam\steamapps\common\Desynced\Desynced\Content\mods\The_Cube_WIP\Stage References 1-0\ui\minigame\netwalk.lua", "Lua", 144, 0, 7, 20, 171
"c:\Program Files (x86)\Steam\steamapps\common\Desynced\Desynced\Content\mods\The_Cube_WIP\Stage References 1-0\ui\minigame\nineclicks.lua", "Lua", 69, 0, 4, 11, 84
"c:\Program Files (x86)\Steam\steamapps\common\Desynced\Desynced\Content\mods\The_Cube_WIP\Stage References 1-0\ui\minigame\slide.lua", "Lua", 108, 0, 6, 21, 135
"c:\Program Files (x86)\Steam\steamapps\common\Desynced\Desynced\Content\mods\The_Cube_WIP\Stage References 1-0\ui\ui.lua", "Lua", 742, 0, 28, 82, 852
"c:\Program Files (x86)\Steam\steamapps\common\Desynced\Desynced\Content\mods\The_Cube_WIP\Stage References 1-0\ui\utilities.lua", "Lua", 251, 0, 2, 25, 278
"c:\Program Files (x86)\Steam\steamapps\common\Desynced\Desynced\Content\mods\The_Cube_WIP\Stage References 1-0\ui\viruspopup.lua", "Lua", 48, 0, 1, 10, 59
"c:\Program Files (x86)\Steam\steamapps\common\Desynced\Desynced\Content\mods\The_Cube_WIP\Stage References 1-0\ui\widgets.lua", "Lua", 138, 0, 0, 12, 150
"c:\Program Files (x86)\Steam\steamapps\common\Desynced\Desynced\Content\mods\The_Cube_WIP\Stage References 1-0\utilities.lua", "Lua", 710, 0, 56, 78, 844
"c:\Program Files (x86)\Steam\steamapps\common\Desynced\Desynced\Content\mods\The_Cube_WIP\Stage References 1-0\values.lua", "Lua", 119, 0, 9, 11, 139
"c:\Program Files (x86)\Steam\steamapps\common\Desynced\Desynced\Content\mods\The_Cube_WIP\Stage References 1-0\visualassets.lua", "Lua", 3257, 0, 6, 68, 3331
"c:\Program Files (x86)\Steam\steamapps\common\Desynced\Desynced\Content\mods\The_Cube_WIP\Stage References 1-0\visuals.lua", "Lua", 2783, 0, 202, 313, 3298
"c:\Program Files (x86)\Steam\steamapps\common\Desynced\Desynced\Content\mods\The_Cube_WIP\data.lua", "Lua", 20, 0, 3, 7, 30
"c:\Program Files (x86)\Steam\steamapps\common\Desynced\Desynced\Content\mods\The_Cube_WIP\def.json", "JSON", 0, 27, 0, 1, 28
"c:\Program Files (x86)\Steam\steamapps\common\Desynced\Desynced\Content\mods\The_Cube_WIP\desynced-lls-library.lua", "Lua", 624, 0, 3250, 580, 4454
"c:\Program Files (x86)\Steam\steamapps\common\Desynced\Desynced\Content\mods\The_Cube_WIP\ui.lua", "Lua", 22, 0, 6, 6, 34
"Total", "-", 66520, 27, 7684, 8091, 82322